Accuracy,Precision (1=Alta),Recall (1=Alta),F1 (1=Alta)
0.5177664974619289,0.5572519083969466,0.6636363636363637,0.6058091286307054
