Feature,Importance
Volume,0.2899174849002368
Z-Change,0.24933072107307913
Z-Volume,0.21818903492116284
N-Change,0.20954012800271707
N-Volume,0.03302263110280426
Change,0.0
