Accuracy,Precision (1=Alta),Recall (1=Alta),F1 (1=Alta)
0.47884940778341795,0.5357142857142857,0.5,0.5172413793103449
